{
  "prompt_count": 10,
  "duration_seconds": 1.8735071210103342,
  "status_code": 200,
  "prompts_per_second": 5.337583128377573,
  "results_returned": 10
}
