{
  "prompt_count": 10,
  "duration_seconds": 3.634999134010286,
  "status_code": 200,
  "prompts_per_second": 2.751032292260156,
  "results_returned": 10
}
