{
  "prompt_count": 10,
  "duration_seconds": 3.2475157189910533,
  "status_code": 200,
  "prompts_per_second": 3.079276858160005,
  "results_returned": 10
}
