{
  "prompt_count": 10,
  "duration_seconds": 3.644842929992592,
  "status_code": 200,
  "prompts_per_second": 2.7436024520322264,
  "results_returned": 10
}
