{
  "prompt_count": 10,
  "duration_seconds": 1.8855493559967726,
  "status_code": 200,
  "prompts_per_second": 5.303494161102785,
  "results_returned": 10
}
