{
  "prompt_count": 10,
  "duration_seconds": 3.650045760005014,
  "status_code": 200,
  "prompts_per_second": 2.7396916799164357,
  "results_returned": 10
}
