{
  "prompt_count": 10,
  "duration_seconds": 3.7123084890044993,
  "status_code": 200,
  "prompts_per_second": 2.693741651486949,
  "results_returned": 10
}
