{
  "prompt_count": 10,
  "duration_seconds": 1.8920308750093682,
  "status_code": 200,
  "prompts_per_second": 5.2853260124259265,
  "results_returned": 10
}
