{
  "prompt_count": 10,
  "duration_seconds": 3.6478294400003506,
  "status_code": 200,
  "prompts_per_second": 2.7413562406029155,
  "results_returned": 10
}
