{
  "prompt_count": 10,
  "duration_seconds": 3.6288781999901403,
  "status_code": 200,
  "prompts_per_second": 2.7556725381488887,
  "results_returned": 10
}
