{
  "prompt_count": 1000,
  "duration_seconds": 60.278392317995895,
  "status_code": 200,
  "prompts_per_second": 16.589692616958757,
  "results_returned": 1000
}
