{
  "prompt_count": 1000,
  "duration_seconds": 60.407686416991055,
  "status_code": 200,
  "prompts_per_second": 16.554184729026915,
  "results_returned": 1000
}
