{
  "prompt_count": 1000,
  "duration_seconds": 60.52581358101452,
  "status_code": 200,
  "prompts_per_second": 16.521876218342577,
  "results_returned": 1000
}
