{
  "prompt_count": 1000,
  "duration_seconds": 60.231578229984734,
  "status_code": 200,
  "prompts_per_second": 16.60258670595777,
  "results_returned": 1000
}
