{
  "prompt_count": 1000,
  "duration_seconds": 60.21165710600326,
  "status_code": 200,
  "prompts_per_second": 16.608079698578788,
  "results_returned": 1000
}
