{
  "prompt_count": 1000,
  "duration_seconds": 60.503907087026164,
  "status_code": 200,
  "prompts_per_second": 16.52785825156124,
  "results_returned": 1000
}
