{
  "prompt_count": 1000,
  "duration_seconds": 60.277802100987174,
  "status_code": 200,
  "prompts_per_second": 16.58985505683564,
  "results_returned": 1000
}
