{
  "prompt_count": 1000,
  "duration_seconds": 60.51389968197327,
  "status_code": 200,
  "prompts_per_second": 16.52512902416524,
  "results_returned": 1000
}
