{
  "prompt_count": 1000,
  "duration_seconds": 60.259932607004885,
  "status_code": 200,
  "prompts_per_second": 16.59477461618926,
  "results_returned": 1000
}
