{
  "prompt_count": 1000,
  "duration_seconds": 60.45642969204346,
  "status_code": 200,
  "prompts_per_second": 16.54083784129925,
  "results_returned": 1000
}
