{
  "openai": {
    "runs": 10,
    "prompts_per_second": {
      "mean": 10.639723459059098,
      "stdev": 0.8819505440887049,
      "min": 9.524715567336452,
      "max": 12.365931486034691
    },
    "duration_seconds": {
      "mean": 9.455378982704133,
      "stdev": 0.7618686805273939,
      "min": 8.086734114040155,
      "max": 10.49900118203368
    },
    "tokens_per_second": {
      "mean": 372.9758964222801,
      "stdev": 30.0968225952227,
      "min": 333.3650448567758,
      "max": 432.31296475177277
    }
  },
  "scalarlm": {
    "runs": 10,
    "prompts_per_second": {
      "mean": 14.440202203776792,
      "stdev": 0.5325360337765881,
      "min": 13.002485586831416,
      "max": 14.832791798054322
    },
    "duration_seconds": {
      "mean": 6.934308349911589,
      "stdev": 0.2772685628773418,
      "min": 6.741819164017215,
      "max": 7.690837212023325
    }
  }
}