{
  "openai": {
    "runs": 10,
    "prompts_per_second": {
      "mean": 12.055172443356717,
      "stdev": 0.861032460377599,
      "min": 10.823032794659575,
      "max": 13.523839690651906
    },
    "duration_seconds": {
      "mean": 83.32549518689629,
      "stdev": 5.823509235151756,
      "min": 73.94349703000626,
      "max": 92.3955437419936
    },
    "tokens_per_second": {
      "mean": 431.33290944195136,
      "stdev": 27.319096090258014,
      "min": 389.6291806077447,
      "max": 474.4714129024354
    }
  },
  "scalarlm": {
    "runs": 10,
    "prompts_per_second": {
      "mean": 16.565487475891544,
      "stdev": 0.034816848178211734,
      "min": 16.521876218342577,
      "max": 16.608079698578788
    },
    "duration_seconds": {
      "mean": 60.36670988210244,
      "stdev": 0.12690263847605956,
      "min": 60.21165710600326,
      "max": 60.52581358101452
    }
  }
}