{
  "prompt_count": 10,
  "duration_seconds": 1.0021452810033225,
  "status_code": 200,
  "prompts_per_second": 9.978593113753181,
  "total_tokens": 320,
  "tokens_per_second": 319.3149796401018
}
