{
  "prompt_count": 10,
  "duration_seconds": 1.0623945189872757,
  "status_code": 200,
  "prompts_per_second": 9.41269916333197,
  "total_tokens": 340,
  "tokens_per_second": 320.03177155328694
}
