{
  "prompt_count": 10,
  "duration_seconds": 0.8788781590410508,
  "status_code": 200,
  "prompts_per_second": 11.378141437615266,
  "total_tokens": 320,
  "tokens_per_second": 364.1005260036885
}
