{
  "prompt_count": 10,
  "duration_seconds": 0.8923452949966304,
  "status_code": 200,
  "prompts_per_second": 11.20642430241957,
  "total_tokens": 320,
  "tokens_per_second": 358.60557767742625
}
