{
  "prompt_count": 10,
  "duration_seconds": 0.8961437410325743,
  "status_code": 200,
  "prompts_per_second": 11.158924112417035,
  "total_tokens": 320,
  "tokens_per_second": 357.0855715973451
}
