{
  "prompt_count": 10,
  "duration_seconds": 0.9935397120425478,
  "status_code": 200,
  "prompts_per_second": 10.065022946532967,
  "total_tokens": 322,
  "tokens_per_second": 324.09373887836153
}
