{
  "prompt_count": 10,
  "duration_seconds": 1.0749251740053296,
  "status_code": 200,
  "prompts_per_second": 9.302973120201964,
  "total_tokens": 340,
  "tokens_per_second": 316.30108608686675
}
