{
  "prompt_count": 10,
  "duration_seconds": 1.06221603800077,
  "status_code": 200,
  "prompts_per_second": 9.414280751043181,
  "total_tokens": 340,
  "tokens_per_second": 320.08554553546816
}
