{
  "prompt_count": 10,
  "duration_seconds": 1.0876861520227976,
  "status_code": 200,
  "prompts_per_second": 9.193828551924419,
  "total_tokens": 342,
  "tokens_per_second": 314.4289364758151
}
