{
  "prompt_count": 10,
  "duration_seconds": 1.0652324550319463,
  "status_code": 200,
  "prompts_per_second": 9.387622347368398,
  "total_tokens": 340,
  "tokens_per_second": 319.1791598105255
}
