{
  "concurrency": 1000,
  "duration_seconds": 7.843225916993106,
  "requests_total": 2900,
  "requests_per_second": 369.74582023920414,
  "p50_ms": 1434.9072499899194,
  "p95_ms": 6934.478172320814,
  "p99_ms": 7617.084474155854,
  "max_ms": 7799.82604199904,
  "status_counts": {
    "200": 2900
  },
  "errors": 0
}
