{
  "concurrency": 100,
  "duration_seconds": 5.117072958004428,
  "requests_total": 3351,
  "requests_per_second": 654.8665667856402,
  "p50_ms": 108.03345800377429,
  "p95_ms": 442.03977099095937,
  "p99_ms": 650.2658955141669,
  "max_ms": 1135.4427089972887,
  "status_counts": {
    "200": 3351
  },
  "errors": 0
}
