{
  "concurrency": 10,
  "duration_seconds": 5.002150165993953,
  "requests_total": 12614,
  "requests_per_second": 2521.7155785833015,
  "p50_ms": 3.3368750009685755,
  "p95_ms": 6.361274889786728,
  "p99_ms": 18.758559218549635,
  "max_ms": 82.64387500821613,
  "status_counts": {
    "200": 12614
  },
  "errors": 0
}
