{
  "concurrency": 10000,
  "duration_seconds": 22.940729000023566,
  "requests_total": 11019,
  "requests_per_second": 480.32475341078657,
  "p50_ms": 15025.639083993156,
  "p95_ms": 21599.219212212483,
  "p99_ms": 22363.24881001201,
  "max_ms": 22886.355374997947,
  "status_counts": {
    "200": 11019
  },
  "errors": 0
}
