{
  "openai": {
    "runs": 10,
    "prompts_per_second": {
      "mean": 7.276958424931043,
      "stdev": 1.9298957085884636,
      "min": 4.635123615885843,
      "max": 12.194665335865434
    },
    "duration_seconds": {
      "mean": 1.44665889320313,
      "stdev": 0.3275390330741327,
      "min": 0.8200307039660402,
      "max": 2.1574397640069947
    },
    "tokens_per_second": {
      "mean": 242.44492432201758,
      "stdev": 61.81716099666612,
      "min": 157.59420294011863,
      "max": 402.42395608355935
    }
  },
  "scalarlm": {
    "runs": 10,
    "prompts_per_second": {
      "mean": 7.289248962885498,
      "stdev": 1.4735933578367275,
      "min": 5.380325457371077,
      "max": 9.07063990504515
    },
    "duration_seconds": {
      "mean": 1.4272754104924388,
      "stdev": 0.3062695329547837,
      "min": 1.1024580519879237,
      "max": 1.8586236240225844
    }
  }
}