{
  "prompt_count": 1,
  "duration_seconds": 1.6645076860004338,
  "status_code": 200,
  "prompts_per_second": 0.6007782411644205,
  "total_tokens": 40,
  "tokens_per_second": 24.03112964657682
}
