{
  "prompt_count": 1,
  "duration_seconds": 1.654001900998992,
  "status_code": 200,
  "prompts_per_second": 0.6045942265217563,
  "total_tokens": 39,
  "tokens_per_second": 23.579174834348496
}
