{
  "prompt_count": 1,
  "duration_seconds": 1.6515917709912173,
  "status_code": 200,
  "prompts_per_second": 0.6054764970158705,
  "total_tokens": 39,
  "tokens_per_second": 23.61358338361895
}
