{
  "prompt_count": 1,
  "duration_seconds": 1.6641280930052744,
  "status_code": 200,
  "prompts_per_second": 0.6009152806224698,
  "total_tokens": 39,
  "tokens_per_second": 23.435695944276322
}
