{
  "prompt_count": 1,
  "duration_seconds": 1.6511516039900016,
  "status_code": 200,
  "prompts_per_second": 0.6056379060429725,
  "total_tokens": 39,
  "tokens_per_second": 23.619878335675928
}
