{
  "prompt_count": 1,
  "duration_seconds": 1.6523707949963864,
  "status_code": 200,
  "prompts_per_second": 0.6051910400668797,
  "total_tokens": 39,
  "tokens_per_second": 23.60245056260831
}
