{
  "prompt_count": 1,
  "duration_seconds": 1.6490559790108819,
  "status_code": 200,
  "prompts_per_second": 0.6064075523984387,
  "total_tokens": 39,
  "tokens_per_second": 23.64989454353911
}
