{
  "prompt_count": 1,
  "duration_seconds": 1.6855662250018213,
  "status_code": 200,
  "prompts_per_second": 0.5932724476600849,
  "total_tokens": 39,
  "tokens_per_second": 23.13762545874331
}
