{
  "prompt_count": 1,
  "duration_seconds": 1.6531434709904715,
  "status_code": 200,
  "prompts_per_second": 0.6049081749697476,
  "total_tokens": 39,
  "tokens_per_second": 23.591418823820156
}
