{
  "prompt_count": 1,
  "duration_seconds": 1.652310307006701,
  "status_code": 200,
  "prompts_per_second": 0.605213194978844,
  "total_tokens": 39,
  "tokens_per_second": 23.603314604174916
}
