{
  "openai": {
    "runs": 10,
    "prompts_per_second": {
      "mean": 2.9435289342278153,
      "stdev": 0.07769131663568381,
      "min": 2.852326540877866,
      "max": 3.043992714438896
    },
    "duration_seconds": {
      "mean": 0.33994065460283307,
      "stdev": 0.00894132635606407,
      "min": 0.3285158979706466,
      "max": 0.3505909949890338
    },
    "tokens_per_second": {
      "mean": 94.40758271438068,
      "stdev": 1.352471335915414,
      "min": 91.90397570129976,
      "max": 96.97910238984744
    }
  },
  "scalarlm": {
    "runs": 10,
    "prompts_per_second": {
      "mean": 2.139823346974746,
      "stdev": 0.23417576571318924,
      "min": 1.8610985059545544,
      "max": 2.3305539521747565
    },
    "duration_seconds": {
      "mean": 0.4726475198986009,
      "stdev": 0.05400733223317547,
      "min": 0.42908253596397117,
      "max": 0.5373170720413327
    }
  }
}