{
  "prompt_count": 10,
  "duration_seconds": 1.2179378399741836,
  "status_code": 200,
  "prompts_per_second": 8.210599647853924,
  "results_returned": 10
}
