{
  "prompt_count": 10,
  "duration_seconds": 1.1103134019649588,
  "status_code": 200,
  "prompts_per_second": 9.006466086334422,
  "results_returned": 10
}
