{
  "prompt_count": 10,
  "duration_seconds": 1.1024580519879237,
  "status_code": 200,
  "prompts_per_second": 9.07063990504515,
  "results_returned": 10
}
