{
  "prompt_count": 10,
  "duration_seconds": 1.321793353999965,
  "status_code": 200,
  "prompts_per_second": 7.565479104383714,
  "results_returned": 10
}
