{
  "prompt_count": 10,
  "duration_seconds": 1.2210841579944827,
  "status_code": 200,
  "prompts_per_second": 8.189443728779572,
  "results_returned": 10
}
