{
  "prompt_count": 10,
  "duration_seconds": 1.2210991480387747,
  "status_code": 200,
  "prompts_per_second": 8.189343196300765,
  "results_returned": 10
}
