{
  "prompt_count": 10,
  "duration_seconds": 1.8290084219770506,
  "status_code": 200,
  "prompts_per_second": 5.46744338617675,
  "results_returned": 10
}
