{
  "prompt_count": 10,
  "duration_seconds": 1.8586236240225844,
  "status_code": 200,
  "prompts_per_second": 5.380325457371077,
  "results_returned": 10
}
