{
  "prompt_count": 10,
  "duration_seconds": 1.755337229988072,
  "status_code": 200,
  "prompts_per_second": 5.69691101468175,
  "results_returned": 10
}
