{
  "prompt_count": 10,
  "duration_seconds": 1.6350988749763928,
  "status_code": 200,
  "prompts_per_second": 6.115838101927859,
  "results_returned": 10
}
