{
  "openai": {
    "runs": 10,
    "prompts_per_second": {
      "mean": 0.6032394561441484,
      "stdev": 0.003998871047610746,
      "min": 0.5932724476600849,
      "max": 0.6064075523984387
    },
    "duration_seconds": {
      "mean": 1.657782783199218,
      "stdev": 0.011110160983895494,
      "min": 1.6490559790108819,
      "max": 1.6855662250018213
    },
    "tokens_per_second": {
      "mean": 23.58641661373823,
      "stdev": 0.21817606688315014,
      "min": 23.13762545874331,
      "max": 24.03112964657682
    }
  },
  "scalarlm": {
    "runs": 10,
    "prompts_per_second": {
      "mean": 0.7979357955599399,
      "stdev": 0.27023438816887574,
      "min": 0.5416225724516842,
      "max": 1.0772508707827377
    },
    "duration_seconds": {
      "mean": 1.39611019930162,
      "stdev": 0.4694074485538357,
      "min": 0.9282888759917114,
      "max": 1.8463041439972585
    }
  }
}