{
  "prompt_count": 1,
  "duration_seconds": 0.31611610401887447,
  "status_code": 200,
  "prompts_per_second": 3.163394674572772,
  "total_tokens": 31,
  "tokens_per_second": 98.06523491175594
}
