{
  "prompt_count": 1,
  "duration_seconds": 0.3157271440140903,
  "status_code": 200,
  "prompts_per_second": 3.167291818138297,
  "total_tokens": 31,
  "tokens_per_second": 98.1860463622872
}
