{
  "prompt_count": 1,
  "duration_seconds": 0.31484005600214005,
  "status_code": 200,
  "prompts_per_second": 3.176215925946865,
  "total_tokens": 31,
  "tokens_per_second": 98.4626937043528
}
