{
  "prompt_count": 1,
  "duration_seconds": 0.3356542880064808,
  "status_code": 200,
  "prompts_per_second": 2.979255846660574,
  "total_tokens": 33,
  "tokens_per_second": 98.31544293979894
}
