{
  "prompt_count": 1,
  "duration_seconds": 1.5417695000069216,
  "status_code": 200,
  "prompts_per_second": 0.6486053849135753,
  "total_tokens": 31,
  "tokens_per_second": 20.106766932320838
}
