{
  "prompt_count": 1,
  "duration_seconds": 0.31678953499067575,
  "status_code": 200,
  "prompts_per_second": 3.156669932387235,
  "total_tokens": 31,
  "tokens_per_second": 97.85676790400429
}
