{
  "prompt_count": 1,
  "duration_seconds": 1.3410303689888678,
  "status_code": 200,
  "prompts_per_second": 0.7456952677022494,
  "total_tokens": 34,
  "tokens_per_second": 25.353639101876478
}
