{
  "prompt_count": 1,
  "duration_seconds": 0.317298142996151,
  "status_code": 200,
  "prompts_per_second": 3.1516099985877655,
  "total_tokens": 31,
  "tokens_per_second": 97.69990995622072
}
