{
  "prompt_count": 1,
  "duration_seconds": 0.32436072296695784,
  "status_code": 200,
  "prompts_per_second": 3.0829873322913657,
  "total_tokens": 31,
  "tokens_per_second": 95.57260730103233
}
