{
  "prompt_count": 1,
  "duration_seconds": 0.3302544279722497,
  "status_code": 200,
  "prompts_per_second": 3.0279684852068876,
  "total_tokens": 33,
  "tokens_per_second": 99.92296001182729
}
