{
  "prompt_count": 100,
  "duration_seconds": 10.41274302196689,
  "status_code": 200,
  "prompts_per_second": 9.603617393518538,
  "total_tokens": 2900,
  "tokens_per_second": 278.5049044120376
}
