{
  "prompt_count": 100,
  "duration_seconds": 5.781039228953887,
  "status_code": 200,
  "prompts_per_second": 17.29792793986897,
  "total_tokens": 2900,
  "tokens_per_second": 501.6399102562001
}
