{
  "prompt_count": 100,
  "duration_seconds": 5.95727185101714,
  "status_code": 200,
  "prompts_per_second": 16.78620726078265,
  "total_tokens": 2900,
  "tokens_per_second": 486.8000105626968
}
