{
  "prompt_count": 100,
  "duration_seconds": 7.008833123021759,
  "status_code": 200,
  "prompts_per_second": 14.26771022290889,
  "total_tokens": 3096,
  "tokens_per_second": 441.7283085012593
}
