{
  "prompt_count": 100,
  "duration_seconds": 7.5453860579873435,
  "status_code": 200,
  "prompts_per_second": 13.25313234226666,
  "total_tokens": 2900,
  "tokens_per_second": 384.3408379257331
}
