{
  "prompt_count": 100,
  "duration_seconds": 5.809618177998345,
  "status_code": 200,
  "prompts_per_second": 17.212835153041702,
  "total_tokens": 2900,
  "tokens_per_second": 499.17221943820937
}
