{
  "prompt_count": 100,
  "duration_seconds": 5.750476839020848,
  "status_code": 200,
  "prompts_per_second": 17.389862232194872,
  "total_tokens": 2900,
  "tokens_per_second": 504.30600473365126
}
