{
  "prompt_count": 1000,
  "duration_seconds": 73.64467261504615,
  "status_code": 200,
  "prompts_per_second": 13.578714718811753,
  "total_tokens": 36000,
  "tokens_per_second": 488.8337298772231
}
