{
  "prompt_count": 1000,
  "duration_seconds": 86.74623665900435,
  "status_code": 200,
  "prompts_per_second": 11.52787761768797,
  "total_tokens": 36000,
  "tokens_per_second": 415.00359423676696
}
