{
  "prompt_count": 1000,
  "duration_seconds": 220.7105713260098,
  "status_code": 200,
  "prompts_per_second": 4.530820585493878,
  "total_tokens": 42000,
  "tokens_per_second": 190.29446459074285
}
