{
  "prompt_count": 1000,
  "duration_seconds": 220.7273331089964,
  "status_code": 200,
  "prompts_per_second": 4.530476520124467,
  "total_tokens": 42000,
  "tokens_per_second": 190.28001384522761
}
