{
  "prompt_count": 1000,
  "duration_seconds": 233.8435825189954,
  "status_code": 200,
  "prompts_per_second": 4.276362811533512,
  "total_tokens": 42000,
  "tokens_per_second": 179.60723808440753
}
