{
  "prompt_count": 1000,
  "duration_seconds": 220.64771571900928,
  "status_code": 200,
  "prompts_per_second": 4.532111274034131,
  "total_tokens": 42000,
  "tokens_per_second": 190.34867350943352
}
