{
  "openai": {
    "runs": 10,
    "prompts_per_second": {
      "mean": 2.6299694666407585,
      "stdev": 1.0210608559052508,
      "min": 0.6486053849135753,
      "max": 3.176215925946865
    },
    "duration_seconds": {
      "mean": 0.545384028996341,
      "stdev": 0.47465670873151045,
      "min": 0.31484005600214005,
      "max": 1.5417695000069216
    },
    "tokens_per_second": {
      "mean": 82.95420691254768,
      "stdev": 31.782496321292346,
      "min": 20.106766932320838,
      "max": 99.92296001182729
    }
  },
  "scalarlm": {
    "runs": 10,
    "prompts_per_second": {
      "mean": 1.9147117197211314,
      "stdev": 0.1395819160257308,
      "min": 1.842376023948393,
      "max": 2.310101192296583
    },
    "duration_seconds": {
      "mean": 0.5243963249027729,
      "stdev": 0.032389632921364105,
      "min": 0.4328814700129442,
      "max": 0.5427773630362935
    }
  }
}