{
  "prompt_count": 100,
  "duration_seconds": 22.93492176399741,
  "status_code": 200,
  "prompts_per_second": 4.360163118453587,
  "results_returned": 100
}
