{
  "prompt_count": 100,
  "duration_seconds": 12.17198948499572,
  "status_code": 200,
  "prompts_per_second": 8.215583830668677,
  "results_returned": 100
}
