{
  "prompt_count": 100,
  "duration_seconds": 24.28609670799051,
  "status_code": 200,
  "prompts_per_second": 4.117582220081435,
  "results_returned": 100
}
