{
  "prompt_count": 100,
  "duration_seconds": 12.14454063300218,
  "status_code": 200,
  "prompts_per_second": 8.234152531735537,
  "results_returned": 100
}
