{
  "prompt_count": 100,
  "duration_seconds": 22.943399836993194,
  "status_code": 200,
  "prompts_per_second": 4.358551945678218,
  "results_returned": 100
}
