{
  "prompt_count": 100,
  "duration_seconds": 12.137859695998486,
  "status_code": 200,
  "prompts_per_second": 8.238684785009273,
  "results_returned": 100
}
