{
  "prompt_count": 100,
  "duration_seconds": 24.220820932998322,
  "status_code": 200,
  "prompts_per_second": 4.12867921680394,
  "results_returned": 100
}
