{
  "prompt_count": 100,
  "duration_seconds": 24.420768861993565,
  "status_code": 200,
  "prompts_per_second": 4.09487516814557,
  "results_returned": 100
}
