{
  "prompt_count": 100,
  "duration_seconds": 14.738556230004178,
  "status_code": 200,
  "prompts_per_second": 6.784925093030747,
  "results_returned": 100
}
