{
  "prompt_count": 100,
  "duration_seconds": 24.241704047992243,
  "status_code": 200,
  "prompts_per_second": 4.125122549224515,
  "results_returned": 100
}
