{
  "prompt_count": 1000,
  "duration_seconds": 60.26029638800537,
  "status_code": 200,
  "prompts_per_second": 16.594674436401327,
  "results_returned": 1000
}
