{
  "prompt_count": 1000,
  "duration_seconds": 57.07627367199166,
  "status_code": 200,
  "prompts_per_second": 17.520414975701502,
  "total_tokens": 17000,
  "tokens_per_second": 297.84705458692554
}
