{
  "prompt_count": 10,
  "duration_seconds": 1.649272306007333,
  "status_code": 200,
  "prompts_per_second": 6.0632801288033855,
  "results_returned": 10
}
