{
  "prompt_count": 10,
  "duration_seconds": 1.088943773007486,
  "status_code": 200,
  "prompts_per_second": 9.183210600839034,
  "total_tokens": 194,
  "tokens_per_second": 178.15428565627727
}
