{
  "prompt_count": 1,
  "duration_seconds": 0.42790950601920485,
  "status_code": 200,
  "prompts_per_second": 2.3369427085247305,
  "results_returned": 1
}
