{
  "prompt_count": 1,
  "duration_seconds": 0.2359848100459203,
  "status_code": 200,
  "prompts_per_second": 4.2375608828611036,
  "total_tokens": 17,
  "tokens_per_second": 72.03853500863877
}
