{
  "prompt_count": 100,
  "duration_seconds": 9.047498526982963,
  "status_code": 200,
  "prompts_per_second": 11.052778809718871,
  "total_tokens": 2340,
  "tokens_per_second": 258.6350241474216
}
