{
  "prompt_count": 100,
  "duration_seconds": 7.661375627969392,
  "status_code": 200,
  "prompts_per_second": 13.052486244758695,
  "results_returned": 100
}
