{
  "openai": {
    "runs": 10,
    "prompts_per_second": {
      "mean": 12.917665654642821,
      "stdev": 0.8019787210027219,
      "min": 11.52787761768797,
      "max": 13.881004693383275
    },
    "duration_seconds": {
      "mean": 77.69497582920594,
      "stdev": 5.044900547496608,
      "min": 72.04089488397585,
      "max": 86.74623665900435
    },
    "tokens_per_second": {
      "mean": 466.23111612811,
      "stdev": 27.890624438253305,
      "min": 415.00359423676696,
      "max": 499.7161689617979
    }
  },
  "scalarlm": {
    "runs": 10,
    "prompts_per_second": {
      "mean": 16.562157013904542,
      "stdev": 0.025483920095026858,
      "min": 16.528715635469382,
      "max": 16.61712060926021
    },
    "duration_seconds": {
      "mean": 60.378737329604334,
      "stdev": 0.0927799633602348,
      "min": 60.178897626989055,
      "max": 60.50076860503759
    }
  }
}