{
  "openai": {
    "runs": 10,
    "prompts_per_second": {
      "mean": 2.8738306306748393,
      "stdev": 0.04879666089703447,
      "min": 2.7820130735207234,
      "max": 2.954671275523724
    },
    "duration_seconds": {
      "mean": 3.4805771126004403,
      "stdev": 0.05897179261716417,
      "min": 3.3844712550053373,
      "max": 3.5945194130035816
    },
    "tokens_per_second": {
      "mean": 115.23916742105493,
      "stdev": 2.064263811277548,
      "min": 111.28052294082893,
      "max": 118.18685102094898
    }
  },
  "scalarlm": {
    "runs": 10,
    "prompts_per_second": {
      "mean": 3.543077701451386,
      "stdev": 1.2231978971356032,
      "min": 2.693741651486949,
      "max": 5.337583128377573
    },
    "duration_seconds": {
      "mean": 3.081750702401041,
      "stdev": 0.836472370261683,
      "min": 1.8735071210103342,
      "max": 3.7123084890044993
    }
  }
}