{
  "prompt_count": 100,
  "duration_seconds": 22.75825287499174,
  "status_code": 200,
  "prompts_per_second": 4.394010407973213,
  "total_tokens": 4100,
  "tokens_per_second": 180.15442672690173
}
