{
  "prompt_count": 100,
  "duration_seconds": 22.780331596994074,
  "status_code": 200,
  "prompts_per_second": 4.389751728337233,
  "total_tokens": 4100,
  "tokens_per_second": 179.9798208618265
}
