{
  "prompt_count": 100,
  "duration_seconds": 24.071649106990662,
  "status_code": 200,
  "prompts_per_second": 4.154264610435807,
  "total_tokens": 4100,
  "tokens_per_second": 170.32484902786808
}
