{
  "prompt_count": 100,
  "duration_seconds": 22.881526514000143,
  "status_code": 200,
  "prompts_per_second": 4.37033778925609,
  "total_tokens": 4200,
  "tokens_per_second": 183.5541871487558
}
