{
  "prompt_count": 100,
  "duration_seconds": 23.97302914899774,
  "status_code": 200,
  "prompts_per_second": 4.171354374054177,
  "total_tokens": 4100,
  "tokens_per_second": 171.02552933622124
}
