{
  "prompt_count": 100,
  "duration_seconds": 24.041011090987013,
  "status_code": 200,
  "prompts_per_second": 4.159558831429101,
  "total_tokens": 4100,
  "tokens_per_second": 170.54191208859314
}
