{
  "prompt_count": 100,
  "duration_seconds": 24.0814282289939,
  "status_code": 200,
  "prompts_per_second": 4.15257762326574,
  "total_tokens": 4100,
  "tokens_per_second": 170.25568255389535
}
