{
  "prompt_count": 100,
  "duration_seconds": 23.98698729700118,
  "status_code": 200,
  "prompts_per_second": 4.168927042059253,
  "total_tokens": 4100,
  "tokens_per_second": 170.92600872442938
}
