{
  "prompt_count": 100,
  "duration_seconds": 9.775907630973961,
  "status_code": 200,
  "prompts_per_second": 10.229229220943154,
  "results_returned": 100
}
