{
  "prompt_count": 100,
  "duration_seconds": 11.217883741017431,
  "status_code": 200,
  "prompts_per_second": 8.914337348171722,
  "results_returned": 100
}
