{
  "prompt_count": 100,
  "duration_seconds": 7.803861914027948,
  "status_code": 200,
  "prompts_per_second": 12.814168305597965,
  "results_returned": 100
}
