{
  "prompt_count": 100,
  "duration_seconds": 7.390964171034284,
  "status_code": 200,
  "prompts_per_second": 13.530034469914918,
  "results_returned": 100
}
