{
  "prompt_count": 100,
  "duration_seconds": 9.49256795598194,
  "status_code": 200,
  "prompts_per_second": 10.534557188709185,
  "results_returned": 100
}
