{
  "prompt_count": 100,
  "duration_seconds": 8.013789324031677,
  "status_code": 200,
  "prompts_per_second": 12.478491255082153,
  "results_returned": 100
}
