{
  "prompt_count": 100,
  "duration_seconds": 9.89132062101271,
  "status_code": 200,
  "prompts_per_second": 10.109873477113274,
  "results_returned": 100
}
