{
  "prompt_count": 100,
  "duration_seconds": 7.931269583001267,
  "status_code": 200,
  "prompts_per_second": 12.608321902753815,
  "results_returned": 100
}
