{
  "prompt_count": 100,
  "duration_seconds": 10.00425867200829,
  "status_code": 200,
  "prompts_per_second": 9.9957431408484,
  "results_returned": 100
}
