{
  "prompt_count": 100,
  "duration_seconds": 10.918503982014954,
  "status_code": 200,
  "prompts_per_second": 9.158763889697783,
  "results_returned": 100
}
