{
  "openai": {
    "runs": 10,
    "prompts_per_second": {
      "mean": 10.049850984660795,
      "stdev": 0.8740981463559329,
      "min": 9.193828551924419,
      "max": 11.378141437615266
    },
    "duration_seconds": {
      "mean": 1.0015506526164244,
      "stdev": 0.08326015336083002,
      "min": 0.8788781590410508,
      "max": 1.0876861520227976
    },
    "tokens_per_second": {
      "mean": 331.3226893258886,
      "stdev": 19.975491862995938,
      "min": 314.4289364758151,
      "max": 364.1005260036885
    }
  },
  "scalarlm": {
    "runs": 10,
    "prompts_per_second": {
      "mean": 6.620713565856106,
      "stdev": 0.8930320666112085,
      "min": 5.347366674368745,
      "max": 8.200224118003385
    },
    "duration_seconds": {
      "mean": 1.5345528299105353,
      "stdev": 0.20037043210484176,
      "min": 1.2194788649794646,
      "max": 1.870079351007007
    }
  }
}