{
  "prompt_count": 10,
  "duration_seconds": 1.3773503790143877,
  "status_code": 200,
  "prompts_per_second": 7.260316730123425,
  "total_tokens": 326,
  "tokens_per_second": 236.68632540202367
}
