{
  "prompt_count": 10,
  "duration_seconds": 1.5192550950450823,
  "status_code": 200,
  "prompts_per_second": 6.582173087728405,
  "total_tokens": 340,
  "tokens_per_second": 223.79388498276575
}
