{
  "prompt_count": 10,
  "duration_seconds": 2.1574397640069947,
  "status_code": 200,
  "prompts_per_second": 4.635123615885843,
  "total_tokens": 340,
  "tokens_per_second": 157.59420294011863
}
