{
  "prompt_count": 10,
  "duration_seconds": 1.3894113590358756,
  "status_code": 200,
  "prompts_per_second": 7.197292533248818,
  "total_tokens": 328,
  "tokens_per_second": 236.07119509056122
}
