{
  "prompt_count": 10,
  "duration_seconds": 1.5247412899625488,
  "status_code": 200,
  "prompts_per_second": 6.558489670234891,
  "total_tokens": 340,
  "tokens_per_second": 222.98864878798634
}
