{
  "prompt_count": 10,
  "duration_seconds": 1.5229071389767341,
  "status_code": 200,
  "prompts_per_second": 6.5663885499408465,
  "total_tokens": 340,
  "tokens_per_second": 223.25721069798877
}
