{
  "prompt_count": 10,
  "duration_seconds": 1.5133058340288699,
  "status_code": 200,
  "prompts_per_second": 6.608049592577746,
  "total_tokens": 340,
  "tokens_per_second": 224.67368614764337
}
