{
  "prompt_count": 10,
  "duration_seconds": 1.377717797004152,
  "status_code": 200,
  "prompts_per_second": 7.258380505604997,
  "total_tokens": 336,
  "tokens_per_second": 243.8815849883279
}
