{
  "prompt_count": 10,
  "duration_seconds": 1.2644295709906146,
  "status_code": 200,
  "prompts_per_second": 7.908704628100023,
  "total_tokens": 320,
  "tokens_per_second": 253.07854809920073
}
