{
  "prompt_count": 10,
  "duration_seconds": 0.8200307039660402,
  "status_code": 200,
  "prompts_per_second": 12.194665335865434,
  "total_tokens": 330,
  "tokens_per_second": 402.42395608355935
}
