{
  "prompt_count": 1,
  "duration_seconds": 1.8463041439972585,
  "status_code": 200,
  "prompts_per_second": 0.5416225724516842,
  "results_returned": 1
}
