{
  "prompt_count": 1,
  "duration_seconds": 1.8339911229995778,
  "status_code": 200,
  "prompts_per_second": 0.5452589096311729,
  "results_returned": 1
}
