{
  "prompt_count": 1,
  "duration_seconds": 0.9318270280055003,
  "status_code": 200,
  "prompts_per_second": 1.0731605436906229,
  "results_returned": 1
}
