{
  "prompt_count": 1,
  "duration_seconds": 1.8451245030009886,
  "status_code": 200,
  "prompts_per_second": 0.5419688472910948,
  "results_returned": 1
}
