{
  "prompt_count": 1,
  "duration_seconds": 1.8342645350057865,
  "status_code": 200,
  "prompts_per_second": 0.5451776343682322,
  "results_returned": 1
}
