{
  "prompt_count": 1,
  "duration_seconds": 0.9313941220025299,
  "status_code": 200,
  "prompts_per_second": 1.0736593418154337,
  "results_returned": 1
}
