{
  "prompt_count": 1,
  "duration_seconds": 0.9282888759917114,
  "status_code": 200,
  "prompts_per_second": 1.0772508707827377,
  "results_returned": 1
}
