{
  "prompt_count": 1,
  "duration_seconds": 1.842668950004736,
  "status_code": 200,
  "prompts_per_second": 0.5426910786104199,
  "results_returned": 1
}
