{
  "prompt_count": 1,
  "duration_seconds": 0.9336492590082344,
  "status_code": 200,
  "prompts_per_second": 1.0710660243679158,
  "results_returned": 1
}
