{
  "prompt_count": 1,
  "duration_seconds": 1.0335894529998768,
  "status_code": 200,
  "prompts_per_second": 0.9675021325900848,
  "results_returned": 1
}
