{
  "prompt_count": 100,
  "duration_seconds": 6.908686772978399,
  "status_code": 200,
  "prompts_per_second": 14.474530874829208,
  "results_returned": 100
}
