{
  "prompt_count": 100,
  "duration_seconds": 6.928804783034138,
  "status_code": 200,
  "prompts_per_second": 14.43250360363159,
  "results_returned": 100
}
