{
  "prompt_count": 100,
  "duration_seconds": 7.690837212023325,
  "status_code": 200,
  "prompts_per_second": 13.002485586831416,
  "results_returned": 100
}
