{
  "prompt_count": 100,
  "duration_seconds": 6.938981657032855,
  "status_code": 200,
  "prompts_per_second": 14.411336553779064,
  "results_returned": 100
}
