{
  "prompt_count": 100,
  "duration_seconds": 6.750736155023333,
  "status_code": 200,
  "prompts_per_second": 14.813199287249343,
  "results_returned": 100
}
