{
  "prompt_count": 100,
  "duration_seconds": 6.894392558024265,
  "status_code": 200,
  "prompts_per_second": 14.504541068467551,
  "results_returned": 100
}
