{
  "prompt_count": 100,
  "duration_seconds": 6.774069659993984,
  "status_code": 200,
  "prompts_per_second": 14.762174736787223,
  "results_returned": 100
}
