{
  "prompt_count": 100,
  "duration_seconds": 6.741819164017215,
  "status_code": 200,
  "prompts_per_second": 14.832791798054322,
  "results_returned": 100
}
