{
  "prompt_count": 100,
  "duration_seconds": 6.790299396961927,
  "status_code": 200,
  "prompts_per_second": 14.726891136014027,
  "results_returned": 100
}
