{
  "prompt_count": 100,
  "duration_seconds": 6.92445614002645,
  "status_code": 200,
  "prompts_per_second": 14.441567392124172,
  "results_returned": 100
}
