{
  "prompt_count": 1000,
  "duration_seconds": 60.378829709021375,
  "status_code": 200,
  "prompts_per_second": 16.562096430474323,
  "results_returned": 1000
}
