{
  "prompt_count": 1000,
  "duration_seconds": 60.28408174100332,
  "status_code": 200,
  "prompts_per_second": 16.58812693367828,
  "results_returned": 1000
}
