{
  "prompt_count": 1000,
  "duration_seconds": 60.408953694975935,
  "status_code": 200,
  "prompts_per_second": 16.553837450145533,
  "results_returned": 1000
}
