{
  "prompt_count": 1000,
  "duration_seconds": 60.382053023029584,
  "status_code": 200,
  "prompts_per_second": 16.561212312847363,
  "results_returned": 1000
}
