{
  "prompt_count": 1000,
  "duration_seconds": 60.178897626989055,
  "status_code": 200,
  "prompts_per_second": 16.61712060926021,
  "results_returned": 1000
}
