{
  "prompt_count": 1000,
  "duration_seconds": 60.460874633979984,
  "status_code": 200,
  "prompts_per_second": 16.539621797630826,
  "results_returned": 1000
}
