{
  "prompt_count": 1000,
  "duration_seconds": 60.343046031019185,
  "status_code": 200,
  "prompts_per_second": 16.571917822742204,
  "results_returned": 1000
}
