{
  "prompt_count": 1000,
  "duration_seconds": 60.40955308300909,
  "status_code": 200,
  "prompts_per_second": 16.55367320175163,
  "results_returned": 1000
}
