{
  "prompt_count": 1000,
  "duration_seconds": 60.440315147978254,
  "status_code": 200,
  "prompts_per_second": 16.545247945045674,
  "results_returned": 1000
}
