{
  "prompt_count": 100,
  "duration_seconds": 0.21379183500539511,
  "status_code": 200,
  "prompts_per_second": 467.7447106316126,
  "results_returned": 100
}
