{
  "prompt_count": 100,
  "duration_seconds": 0.2079977510147728,
  "status_code": 200,
  "prompts_per_second": 480.7744291085994,
  "results_returned": 100
}
