{
  "prompt_count": 100,
  "duration_seconds": 0.21153599803801626,
  "status_code": 200,
  "prompts_per_second": 472.7327780022976,
  "results_returned": 100
}
