{
  "prompt_count": 100,
  "duration_seconds": 0.21482937195105478,
  "status_code": 200,
  "prompts_per_second": 465.4856972853009,
  "results_returned": 100
}
