{
  "prompt_count": 100,
  "duration_seconds": 0.2091477059875615,
  "status_code": 200,
  "prompts_per_second": 478.13099133847174,
  "results_returned": 100
}
