{
  "prompt_count": 100,
  "duration_seconds": 0.21800057898508385,
  "status_code": 200,
  "prompts_per_second": 458.7143780331072,
  "results_returned": 100
}
