{
  "prompt_count": 100,
  "duration_seconds": 0.2171076670056209,
  "status_code": 200,
  "prompts_per_second": 460.60096070863773,
  "results_returned": 100
}
