{
  "prompt_count": 100,
  "duration_seconds": 0.21377664600731805,
  "status_code": 200,
  "prompts_per_second": 467.77794425952766,
  "results_returned": 100
}
