{
  "prompt_count": 100,
  "duration_seconds": 0.20575854199705645,
  "status_code": 200,
  "prompts_per_second": 486.00655423302226,
  "results_returned": 100
}
