{
  "prompt_count": 100,
  "duration_seconds": 0.21364804200129583,
  "status_code": 200,
  "prompts_per_second": 468.0595200558565,
  "results_returned": 100
}
