{
  "prompt_count": 10,
  "duration_seconds": 1.6538473939872347,
  "status_code": 200,
  "prompts_per_second": 6.046507093917025,
  "results_returned": 10
}
