{
  "prompt_count": 10,
  "duration_seconds": 1.6514992759912275,
  "status_code": 200,
  "prompts_per_second": 6.0551040774740965,
  "results_returned": 10
}
