{
  "prompt_count": 10,
  "duration_seconds": 1.6508186910068616,
  "status_code": 200,
  "prompts_per_second": 6.057600422430906,
  "results_returned": 10
}
