{
  "prompt_count": 10,
  "duration_seconds": 1.545405203010887,
  "status_code": 200,
  "prompts_per_second": 6.4707948313601955,
  "results_returned": 10
}
