{
  "prompt_count": 10,
  "duration_seconds": 1.4401137300301343,
  "status_code": 200,
  "prompts_per_second": 6.9438960211779595,
  "results_returned": 10
}
