{
  "prompt_count": 10,
  "duration_seconds": 1.6557609190349467,
  "status_code": 200,
  "prompts_per_second": 6.039519283876116,
  "results_returned": 10
}
