{
  "prompt_count": 10,
  "duration_seconds": 1.3245979320490733,
  "status_code": 200,
  "prompts_per_second": 7.549460676365848,
  "results_returned": 10
}
