{
  "prompt_count": 10,
  "duration_seconds": 1.2194788649794646,
  "status_code": 200,
  "prompts_per_second": 8.200224118003385,
  "results_returned": 10
}
