{
  "prompt_count": 10,
  "duration_seconds": 1.333926938008517,
  "status_code": 200,
  "prompts_per_second": 7.496662459586786,
  "results_returned": 10
}
