{
  "prompt_count": 10,
  "duration_seconds": 1.870079351007007,
  "status_code": 200,
  "prompts_per_second": 5.347366674368745,
  "results_returned": 10
}
