{
  "openai": {
    "runs": 10,
    "prompts_per_second": {
      "mean": 11.561141298785902,
      "stdev": 2.7964604252822465,
      "min": 7.743797376314277,
      "max": 16.012597886929917
    },
    "duration_seconds": {
      "mean": 9.107857251493261,
      "stdev": 2.145666169653363,
      "min": 6.245082822046243,
      "max": 12.913561027031392
    },
    "tokens_per_second": {
      "mean": 228.60018460162328,
      "stdev": 47.26438849771317,
      "min": 181.20485860575408,
      "max": 295.2723050349877
    }
  },
  "scalarlm": {
    "runs": 10,
    "prompts_per_second": {
      "mean": 470.60279636564337,
      "stdev": 8.769397662359763,
      "min": 458.7143780331072,
      "max": 486.00655423302226
    },
    "duration_seconds": {
      "mean": 0.21255941379931756,
      "stdev": 0.003935295811295172,
      "min": 0.20575854199705645,
      "max": 0.21800057898508385
    }
  }
}