{
  "openai": {
    "runs": 10,
    "prompts_per_second": {
      "mean": 4.254156538081436,
      "stdev": 0.11438584159552982,
      "min": 4.15257762326574,
      "max": 4.394010407973213
    },
    "duration_seconds": {
      "mean": 23.521575515894803,
      "stdev": 0.6261959186010462,
      "min": 22.75825287499174,
      "max": 24.0814282289939
    },
    "tokens_per_second": {
      "mean": 174.8574518402645,
      "stdev": 5.34140158168267,
      "min": 170.25568255389535,
      "max": 183.5541871487558
    }
  },
  "scalarlm": {
    "runs": 10,
    "prompts_per_second": {
      "mean": 5.66583204588315,
      "stdev": 1.9432162618756612,
      "min": 4.09487516814557,
      "max": 8.238684785009273
    },
    "duration_seconds": {
      "mean": 19.42406581959658,
      "stdev": 5.775076744602538,
      "min": 12.137859695998486,
      "max": 24.420768861993565
    }
  }
}