{
  "prompt_count": 1,
  "duration_seconds": 0.4303938790108077,
  "status_code": 200,
  "prompts_per_second": 2.3234531176380617,
  "results_returned": 1
}
