{
  "prompt_count": 1,
  "duration_seconds": 0.4297275189892389,
  "status_code": 200,
  "prompts_per_second": 2.327055996674585,
  "results_returned": 1
}
