{
  "prompt_count": 1,
  "duration_seconds": 0.5362437209696509,
  "status_code": 200,
  "prompts_per_second": 1.8648237002976409,
  "results_returned": 1
}
