{
  "prompt_count": 1,
  "duration_seconds": 0.43370123399654403,
  "status_code": 200,
  "prompts_per_second": 2.305734735373081,
  "results_returned": 1
}
