{
  "prompt_count": 1,
  "duration_seconds": 0.5327705240342766,
  "status_code": 200,
  "prompts_per_second": 1.876980716627753,
  "results_returned": 1
}
