{
  "prompt_count": 1,
  "duration_seconds": 0.42908253596397117,
  "status_code": 200,
  "prompts_per_second": 2.3305539521747565,
  "results_returned": 1
}
