{
  "prompt_count": 1,
  "duration_seconds": 0.4298161169863306,
  "status_code": 200,
  "prompts_per_second": 2.3265763206171326,
  "results_returned": 1
}
