{
  "prompt_count": 1,
  "duration_seconds": 0.5351319310138933,
  "status_code": 200,
  "prompts_per_second": 1.8686980575151617,
  "results_returned": 1
}
