{
  "prompt_count": 1,
  "duration_seconds": 0.5373170720413327,
  "status_code": 200,
  "prompts_per_second": 1.8610985059545544,
  "results_returned": 1
}
