{
  "prompt_count": 1,
  "duration_seconds": 0.4322906659799628,
  "status_code": 200,
  "prompts_per_second": 2.3132583668747344,
  "results_returned": 1
}
