{
  "openai": {
    "runs": 10,
    "prompts_per_second": {
      "mean": 14.541373994847623,
      "stdev": 2.7718227044513033,
      "min": 9.603617393518538,
      "max": 17.389862232194872
    },
    "duration_seconds": {
      "mean": 7.142389367899159,
      "stdev": 1.571369928340329,
      "min": 5.750476839020848,
      "max": 10.41274302196689
    },
    "tokens_per_second": {
      "mean": 427.1993743318995,
      "stdev": 80.42046454481905,
      "min": 278.5049044120376,
      "max": 504.30600473365126
    }
  },
  "scalarlm": {
    "runs": 10,
    "prompts_per_second": {
      "mean": 11.037352019883237,
      "stdev": 1.6600764989660424,
      "min": 8.914337348171722,
      "max": 13.530034469914918
    },
    "duration_seconds": {
      "mean": 9.244032759510446,
      "stdev": 1.3657040729790673,
      "min": 7.390964171034284,
      "max": 11.217883741017431
    }
  }
}