{
  "prompt_count": 1,
  "duration_seconds": 0.34706829400965944,
  "status_code": 200,
  "prompts_per_second": 2.881277308414028,
  "total_tokens": 33,
  "tokens_per_second": 95.08215117766292
}
