{
  "prompt_count": 1,
  "duration_seconds": 0.33213885698933154,
  "status_code": 200,
  "prompts_per_second": 3.010788948527394,
  "total_tokens": 31,
  "tokens_per_second": 93.33445740434921
}
