{
  "prompt_count": 1,
  "duration_seconds": 0.34690348798176274,
  "status_code": 200,
  "prompts_per_second": 2.8826461383189423,
  "total_tokens": 33,
  "tokens_per_second": 95.1273225645251
}
