{
  "prompt_count": 1,
  "duration_seconds": 0.3293054850073531,
  "status_code": 200,
  "prompts_per_second": 3.036694028882242,
  "total_tokens": 31,
  "tokens_per_second": 94.13751489534951
}
