{
  "prompt_count": 1,
  "duration_seconds": 0.3285158979706466,
  "status_code": 200,
  "prompts_per_second": 3.043992714438896,
  "total_tokens": 31,
  "tokens_per_second": 94.36377414760578
}
