{
  "prompt_count": 1,
  "duration_seconds": 0.34724926203489304,
  "status_code": 200,
  "prompts_per_second": 2.879775738442076,
  "total_tokens": 33,
  "tokens_per_second": 95.0325993685885
}
