{
  "prompt_count": 1,
  "duration_seconds": 0.3505909949890338,
  "status_code": 200,
  "prompts_per_second": 2.852326540877866,
  "total_tokens": 34,
  "tokens_per_second": 96.97910238984744
}
