{
  "prompt_count": 1,
  "duration_seconds": 0.33730858500348404,
  "status_code": 200,
  "prompts_per_second": 2.9646443774612825,
  "total_tokens": 31,
  "tokens_per_second": 91.90397570129976
}
