{
  "prompt_count": 1,
  "duration_seconds": 0.3317405609996058,
  "status_code": 200,
  "prompts_per_second": 3.014403776815185,
  "total_tokens": 31,
  "tokens_per_second": 93.44651708127074
}
