{
  "prompt_count": 1,
  "duration_seconds": 0.3485851210425608,
  "status_code": 200,
  "prompts_per_second": 2.8687397701002397,
  "total_tokens": 33,
  "tokens_per_second": 94.6684124133079
}
