{
  "prompt_count": 100,
  "duration_seconds": 10.031932145007886,
  "status_code": 200,
  "prompts_per_second": 9.968169496617083,
  "total_tokens": 3600,
  "tokens_per_second": 358.85410187821503
}
