{
  "prompt_count": 100,
  "duration_seconds": 9.081808737013489,
  "status_code": 200,
  "prompts_per_second": 11.011022462127356,
  "total_tokens": 3500,
  "tokens_per_second": 385.38578617445745
}
