{
  "prompt_count": 100,
  "duration_seconds": 9.29424174799351,
  "status_code": 200,
  "prompts_per_second": 10.759350005242604,
  "total_tokens": 3500,
  "tokens_per_second": 376.5772501834911
}
