{
  "prompt_count": 100,
  "duration_seconds": 10.333292647032067,
  "status_code": 200,
  "prompts_per_second": 9.677457458704806,
  "total_tokens": 3500,
  "tokens_per_second": 338.7110110546682
}
