{
  "prompt_count": 100,
  "duration_seconds": 8.086734114040155,
  "status_code": 200,
  "prompts_per_second": 12.365931486034691,
  "total_tokens": 3496,
  "tokens_per_second": 432.31296475177277
}
