{
  "prompt_count": 100,
  "duration_seconds": 10.028108991973568,
  "status_code": 200,
  "prompts_per_second": 9.97196979809846,
  "total_tokens": 3496,
  "tokens_per_second": 348.6200641415221
}
