{
  "prompt_count": 100,
  "duration_seconds": 8.700529430992901,
  "status_code": 200,
  "prompts_per_second": 11.493553443286041,
  "total_tokens": 3500,
  "tokens_per_second": 402.2743705150114
}
