{
  "prompt_count": 100,
  "duration_seconds": 9.81841904198518,
  "status_code": 200,
  "prompts_per_second": 10.184939099908396,
  "total_tokens": 1924,
  "tokens_per_second": 195.95822828223754
}
