{
  "prompt_count": 100,
  "duration_seconds": 6.245082822046243,
  "status_code": 200,
  "prompts_per_second": 16.012597886929917,
  "total_tokens": 1844,
  "tokens_per_second": 295.2723050349877
}
