{
  "prompt_count": 100,
  "duration_seconds": 6.9151374499779195,
  "status_code": 200,
  "prompts_per_second": 14.461028536796373,
  "total_tokens": 1924,
  "tokens_per_second": 278.23018904796226
}
