{
  "prompt_count": 100,
  "duration_seconds": 6.787231131980661,
  "status_code": 200,
  "prompts_per_second": 14.733548637943295,
  "total_tokens": 1924,
  "tokens_per_second": 283.473475794029
}
