{
  "prompt_count": 100,
  "duration_seconds": 7.572798399021849,
  "status_code": 200,
  "prompts_per_second": 13.205158084350515,
  "total_tokens": 1956,
  "tokens_per_second": 258.2928921298961
}
