{
  "prompt_count": 100,
  "duration_seconds": 9.871280073944945,
  "status_code": 200,
  "prompts_per_second": 10.130398413468997,
  "total_tokens": 1820,
  "tokens_per_second": 184.37325112513577
}
