{
  "prompt_count": 1000,
  "duration_seconds": 75.8739073019824,
  "status_code": 200,
  "prompts_per_second": 13.179761469512094,
  "total_tokens": 36000,
  "tokens_per_second": 474.4714129024354
}
