{
  "prompt_count": 1000,
  "duration_seconds": 83.85493273101747,
  "status_code": 200,
  "prompts_per_second": 11.925356892333486,
  "total_tokens": 35015,
  "tokens_per_second": 417.566371585057
}
