{
  "prompt_count": 1000,
  "duration_seconds": 78.55071163200773,
  "status_code": 200,
  "prompts_per_second": 12.730629414088229,
  "total_tokens": 35008,
  "tokens_per_second": 445.6738745284007
}
