{
  "prompt_count": 1,
  "duration_seconds": 0.5397620790172368,
  "status_code": 200,
  "prompts_per_second": 1.8526681270769039,
  "results_returned": 1
}
