{
  "prompt_count": 1,
  "duration_seconds": 0.5318409139872529,
  "status_code": 200,
  "prompts_per_second": 1.8802615099747064,
  "results_returned": 1
}
