{
  "prompt_count": 1,
  "duration_seconds": 0.5337547899689525,
  "status_code": 200,
  "prompts_per_second": 1.8735194864633777,
  "results_returned": 1
}
