{
  "prompt_count": 1,
  "duration_seconds": 0.5324339619837701,
  "status_code": 200,
  "prompts_per_second": 1.8781671933062798,
  "results_returned": 1
}
