{
  "prompt_count": 1,
  "duration_seconds": 0.4328814700129442,
  "status_code": 200,
  "prompts_per_second": 2.310101192296583,
  "results_returned": 1
}
