{
  "prompt_count": 1,
  "duration_seconds": 0.5325813239905983,
  "status_code": 200,
  "prompts_per_second": 1.8776475158893349,
  "results_returned": 1
}
