{
  "prompt_count": 1,
  "duration_seconds": 0.5427773630362935,
  "status_code": 200,
  "prompts_per_second": 1.842376023948393,
  "results_returned": 1
}
