{
  "prompt_count": 1,
  "duration_seconds": 0.5348318470059894,
  "status_code": 200,
  "prompts_per_second": 1.869746548561087,
  "results_returned": 1
}
