{
  "prompt_count": 1,
  "duration_seconds": 0.5296771100256592,
  "status_code": 200,
  "prompts_per_second": 1.8879426372635904,
  "results_returned": 1
}
