{
  "prompt_count": 1,
  "duration_seconds": 0.533422389999032,
  "status_code": 200,
  "prompts_per_second": 1.8746869624310571,
  "results_returned": 1
}
