{
  "prompt_count": 10,
  "duration_seconds": 3.4972103479958605,
  "status_code": 200,
  "prompts_per_second": 2.859421940613518,
  "total_tokens": 410,
  "tokens_per_second": 117.23629956515424
}
