{
  "prompt_count": 10,
  "duration_seconds": 3.4886147520010127,
  "status_code": 200,
  "prompts_per_second": 2.866467268781731,
  "total_tokens": 400,
  "tokens_per_second": 114.65869075126926
}
