{
  "prompt_count": 10,
  "duration_seconds": 3.4943540940003004,
  "status_code": 200,
  "prompts_per_second": 2.8617592067070983,
  "total_tokens": 400,
  "tokens_per_second": 114.47036826828392
}
