{
  "prompt_count": 10,
  "duration_seconds": 3.4834652350109536,
  "status_code": 200,
  "prompts_per_second": 2.8707046935602776,
  "total_tokens": 400,
  "tokens_per_second": 114.8281877424111
}
