{
  "prompt_count": 10,
  "duration_seconds": 3.492989165999461,
  "status_code": 200,
  "prompts_per_second": 2.862877473923875,
  "total_tokens": 400,
  "tokens_per_second": 114.515098956955
}
