{
  "prompt_count": 10,
  "duration_seconds": 3.390006433997769,
  "status_code": 200,
  "prompts_per_second": 2.9498469087585755,
  "total_tokens": 400,
  "tokens_per_second": 117.99387635034302
}
