{
  "prompt_count": 10,
  "duration_seconds": 3.3844712550053373,
  "status_code": 200,
  "prompts_per_second": 2.954671275523724,
  "total_tokens": 400,
  "tokens_per_second": 118.18685102094898
}
