{
  "prompt_count": 10,
  "duration_seconds": 3.5945194130035816,
  "status_code": 200,
  "prompts_per_second": 2.7820130735207234,
  "total_tokens": 400,
  "tokens_per_second": 111.28052294082893
}
