{
  "prompt_count": 10,
  "duration_seconds": 3.4913167579943547,
  "status_code": 200,
  "prompts_per_second": 2.864248847401823,
  "total_tokens": 400,
  "tokens_per_second": 114.56995389607292
}
