{
  "prompt_count": 1000,
  "duration_seconds": 60.0952379849914,
  "status_code": 200,
  "prompts_per_second": 16.640253596295715,
  "results_returned": 1000
}
