{
  "prompt_count": 1000,
  "duration_seconds": 60.139309569000034,
  "status_code": 200,
  "prompts_per_second": 16.628059203983103,
  "results_returned": 1000
}
