{
  "prompt_count": 1000,
  "duration_seconds": 60.08687088399893,
  "status_code": 200,
  "prompts_per_second": 16.64257075277819,
  "results_returned": 1000
}
