{
  "prompt_count": 1000,
  "duration_seconds": 60.09200073500688,
  "status_code": 200,
  "prompts_per_second": 16.64115003276044,
  "results_returned": 1000
}
