{
  "prompt_count": 1000,
  "duration_seconds": 60.14712065900676,
  "status_code": 200,
  "prompts_per_second": 16.625899777801823,
  "results_returned": 1000
}
