{
  "prompt_count": 1000,
  "duration_seconds": 60.1055989949964,
  "status_code": 200,
  "prompts_per_second": 16.637385147484295,
  "results_returned": 1000
}
