{
  "prompt_count": 1000,
  "duration_seconds": 61.109160684005474,
  "status_code": 200,
  "prompts_per_second": 16.364158643431296,
  "results_returned": 1000
}
