{
  "prompt_count": 1000,
  "duration_seconds": 60.2294069690106,
  "status_code": 200,
  "prompts_per_second": 16.60318522668707,
  "results_returned": 1000
}
