{
  "prompt_count": 1000,
  "duration_seconds": 60.163827069001854,
  "status_code": 200,
  "prompts_per_second": 16.621283065206285,
  "results_returned": 1000
}
