{
  "concurrency": 10000,
  "duration_seconds": 27.4783658850356,
  "requests_total": 10050,
  "requests_per_second": 365.7422731048615,
  "p50_ms": 15998.979502503062,
  "p95_ms": 22357.536448241444,
  "p99_ms": 26961.18930368102,
  "max_ms": 27418.744189024437,
  "status_counts": {
    "200": 10050
  },
  "errors": 0
}
