{
  "concurrency": 10,
  "duration_seconds": 5.0037551280111074,
  "requests_total": 4851,
  "requests_per_second": 969.471901781128,
  "p50_ms": 6.691311951726675,
  "p95_ms": 32.605738000711426,
  "p99_ms": 60.9717330080457,
  "max_ms": 137.55931297782809,
  "status_counts": {
    "200": 4851
  },
  "errors": 0
}
