{
  "concurrency": 1000,
  "duration_seconds": 7.502729596046265,
  "requests_total": 2857,
  "requests_per_second": 380.7947445561095,
  "p50_ms": 1398.6093510175124,
  "p95_ms": 6350.015274377074,
  "p99_ms": 7167.054690262303,
  "max_ms": 7443.607488996349,
  "status_counts": {
    "200": 2857
  },
  "errors": 0
}
