{
  "concurrency": 100,
  "duration_seconds": 5.37681397900451,
  "requests_total": 945,
  "requests_per_second": 175.75463902788061,
  "p50_ms": 391.9915329897776,
  "p95_ms": 1710.6589953997172,
  "p99_ms": 2409.6216649678536,
  "max_ms": 3329.1187940048985,
  "status_counts": {
    "200": 945
  },
  "errors": 0
}
