{
  "concurrency": 100000,
  "duration_seconds": 32.35773722198792,
  "requests_total": 12127,
  "requests_per_second": 374.778987690134,
  "p50_ms": 19076.100733946078,
  "p95_ms": 27085.4151976062,
  "p99_ms": 27308.694428744493,
  "max_ms": 27418.24742499739,
  "status_counts": {
    "200": 12127
  },
  "errors": 0
}
